source_sitemap,url,lastmod,url_type
post-sitemap.xml,https://runflatmachine.com/run-flat-changer-guide-for-military-success/,2024-02-23T21:57:39+00:00,blog_post
post-sitemap.xml,https://runflatmachine.com/5-keys-of-run-flat-changer-machines-for-armored-vehicles/,2024-07-11T16:54:25+00:00,blog_post
post-sitemap.xml,https://runflatmachine.com/comparing-gm-run-flat-machine-with-others/,2024-07-11T18:58:44+00:00,blog_post
post-sitemap.xml,https://runflatmachine.com/military-tire-disassembly/,2025-11-24T10:32:20+00:00,blog_post
post-sitemap.xml,https://runflatmachine.com/military-tire-disassemble-tool/,2025-11-24T10:34:41+00:00,blog_post
page-sitemap.xml,https://runflatmachine.com/,2025-12-16T19:05:50+00:00,page
page-sitemap.xml,https://runflatmachine.com/blog/,2024-02-23T21:12:35+00:00,page
page-sitemap.xml,https://runflatmachine.com/frequenty-asked-questions/,2024-03-09T19:33:33+00:00,page
page-sitemap.xml,https://runflatmachine.com/products/,2025-11-21T13:52:39+00:00,page
page-sitemap.xml,https://runflatmachine.com/gmt-099-run-flat-machine-trailer-model/,2025-11-21T13:56:44+00:00,product
page-sitemap.xml,https://runflatmachine.com/gmh-098-run-flat-machine-container-model/,2025-11-21T14:02:24+00:00,product
page-sitemap.xml,https://runflatmachine.com/run-flat-machine-workshop-model/,2025-11-21T14:06:56+00:00,product
page-sitemap.xml,https://runflatmachine.com/contact-us/,2025-11-21T14:33:52+00:00,page
category-sitemap.xml,https://runflatmachine.com/category/run-flat-machine/,2025-11-24T10:34:41+00:00,category
post_tag-sitemap.xml,https://runflatmachine.com/tag/armored-vehicle/,2024-07-11T16:54:25+00:00,tag
post_tag-sitemap.xml,https://runflatmachine.com/tag/military-tires/,2024-02-23T21:57:39+00:00,tag
post_tag-sitemap.xml,https://runflatmachine.com/tag/military-tires-s/,2024-07-11T16:54:25+00:00,tag
post_tag-sitemap.xml,https://runflatmachine.com/tag/run-flat-changer-machine/,2024-02-23T21:57:39+00:00,tag
post_tag-sitemap.xml,https://runflatmachine.com/tag/run-flat-machine/,2024-02-23T21:57:39+00:00,tag
post_tag-sitemap.xml,https://runflatmachine.com/tag/run-flat-tire/,2024-07-11T16:54:25+00:00,tag
post_tag-sitemap.xml,https://runflatmachine.com/tag/run-flat-tire-changer/,2024-07-11T16:54:25+00:00,tag
fusion_tb_category-sitemap.xml,https://runflatmachine.com/fusion_tb_category/content/,2025-11-21T14:11:39+00:00,fusion_category
fusion_tb_category-sitemap.xml,https://runflatmachine.com/fusion_tb_category/footer/,2024-02-22T14:02:48+00:00,fusion_category
fusion_tb_category-sitemap.xml,https://runflatmachine.com/fusion_tb_category/header/,2025-11-21T14:13:08+00:00,fusion_category
fusion_tb_category-sitemap.xml,https://runflatmachine.com/fusion_tb_category/page_title_bar/,2024-02-22T14:07:49+00:00,fusion_category
element_category-sitemap.xml,https://runflatmachine.com/element_category/post_cards/,2021-10-19T17:15:43+00:00,element_category
author-sitemap.xml,https://runflatmachine.com/author/hazel/,2025-11-19T21:34:50+00:00,author
author-sitemap.xml,https://runflatmachine.com/author/admin/,2024-02-23T01:19:42+00:00,author
